r,1727
php,13907
mysql,3092
c#,19077
javascript,19078
jquery,7510
java,18661
ruby-on-rails,3344
ruby,2326
ruby-on-rails-3,692
json,2026
spring,1346
spring-mvc,618
codeigniter,786
class,509
html,4668
ios,3256
c++,6469
eclipse,992
python,8940
list,693
objective-c,4338
swift,1465
xaml,438
asp.net,3939
wpf,1289
multithreading,1118
image,672
performance,512
twitter-bootstrap,501
linq,964
xml,1347
numpy,502
ajax,1767
django,1835
laravel,525
android,2818
rest,456
asp.net-mvc,1244
web-services,633
string,1573
excel,443
winforms,1468
arrays,2277
c,3119
sockets,579
osx,490
entity-framework,649
mongodb,350
opencv,401
xcode,900
uitableview,460
algorithm,419
python-2.7,421
angularjs,1353
dom,400
swing,759
.net,3872
vb.net,1918
google-maps,408
hibernate,807
wordpress,478
iphone,1909
sql,1272
visual-studio,574
linux,793
facebook,508
database,740
file,582
generics,420
visual-studio-2010,588
regex,1442
html5,842
jsp,680
csv,435
forms,872
validation,558
parsing,403
function,487
pandas,479
sorting,375
qt,451
wcf,389
css,1769
date,560
node.js,771
sql-server,585
unit-testing,449
python-3.x,379
loops,389
windows,838
pointers,350
oop,425
datetime,557
servlets,498
session,415
cocoa-touch,507
apache,441
selenium,431
maven,432
